DELETE FROM `creature_questender` WHERE `id`=400178 AND `quest`=90138;
INSERT INTO `creature_questender` (`id`, `quest`) VALUES (400178, 90138);
DELETE FROM `creature_questender` WHERE `id`=400178 AND `quest`=90139;
INSERT INTO `creature_questender` (`id`, `quest`) VALUES (400178, 90139);
DELETE FROM `creature_questender` WHERE `id`=400178 AND `quest`=90140;
INSERT INTO `creature_questender` (`id`, `quest`) VALUES (400178, 90140);
DELETE FROM `creature_questender` WHERE `id`=400178 AND `quest`=90137;
INSERT INTO `creature_questender` (`id`, `quest`) VALUES (400178, 90137);
DELETE FROM `creature_questender` WHERE `id`=400178 AND `quest`=90136;
INSERT INTO `creature_questender` (`id`, `quest`) VALUES (400178, 90136);
DELETE FROM `creature_queststarter` WHERE `id`=400178 AND `quest`=90140;
INSERT INTO `creature_queststarter` (`id`, `quest`) VALUES (400178, 90140);
DELETE FROM `creature_queststarter` WHERE `id`=400178 AND `quest`=90139;
INSERT INTO `creature_queststarter` (`id`, `quest`) VALUES (400178, 90139);
DELETE FROM `creature_queststarter` WHERE `id`=400178 AND `quest`=90138;
INSERT INTO `creature_queststarter` (`id`, `quest`) VALUES (400178, 90138);
DELETE FROM `creature_queststarter` WHERE `id`=400178 AND `quest`=90137;
INSERT INTO `creature_queststarter` (`id`, `quest`) VALUES (400178, 90137);
DELETE FROM `creature_queststarter` WHERE `id`=400178 AND `quest`=90136;
INSERT INTO `creature_queststarter` (`id`, `quest`) VALUES (400178, 90136);
DELETE FROM `creature_queststarter` WHERE `id`=400134 AND `quest`=90135;
INSERT INTO `creature_queststarter` (`id`, `quest`) VALUES (400134, 90135);
DELETE FROM `quest_template_addon` WHERE `ID`=90140;


INSERT INTO `quest_template_addon` (`ID`, `MaxLevel`, `AllowableClasses`, `SourceSpellID`, `PrevQuestID`, `NextQuestID`, `ExclusiveGroup`, `RewardMailTemplateID`, `RewardMailDelay`, `RequiredSkillID`, `RequiredSkillPoints`, `RequiredMinRepFaction`, `RequiredMaxRepFaction`, `RequiredMinRepValue`, `RequiredMaxRepValue`, `ProvidedItemCount`, `SpecialFlags`) VALUES (90140, 0, 8, 0, 0, 0, 0, 0, 0, 0, 0, 0, 0, 0, 0, 0, 0);
DELETE FROM `quest_template_addon` WHERE `ID`=90139;
INSERT INTO `quest_template_addon` (`ID`, `MaxLevel`, `AllowableClasses`, `SourceSpellID`, `PrevQuestID`, `NextQuestID`, `ExclusiveGroup`, `RewardMailTemplateID`, `RewardMailDelay`, `RequiredSkillID`, `RequiredSkillPoints`, `RequiredMinRepFaction`, `RequiredMaxRepFaction`, `RequiredMinRepValue`, `RequiredMaxRepValue`, `ProvidedItemCount`, `SpecialFlags`) VALUES (90139, 0, 1424, 0, 0, 0, 0, 0, 0, 0, 0, 0, 0, 0, 0, 0, 0);
DELETE FROM `quest_template_addon` WHERE `ID`=90138;
INSERT INTO `quest_template_addon` (`ID`, `MaxLevel`, `AllowableClasses`, `SourceSpellID`, `PrevQuestID`, `NextQuestID`, `ExclusiveGroup`, `RewardMailTemplateID`, `RewardMailDelay`, `RequiredSkillID`, `RequiredSkillPoints`, `RequiredMinRepFaction`, `RequiredMaxRepFaction`, `RequiredMinRepValue`, `RequiredMaxRepValue`, `ProvidedItemCount`, `SpecialFlags`) VALUES (90138, 0, 67, 0, 90137, 0, 0, 0, 0, 0, 0, 0, 0, 0, 0, 0, 0);
DELETE FROM `quest_template_addon` WHERE `ID`=90137;
INSERT INTO `quest_template_addon` (`ID`, `MaxLevel`, `AllowableClasses`, `SourceSpellID`, `PrevQuestID`, `NextQuestID`, `ExclusiveGroup`, `RewardMailTemplateID`, `RewardMailDelay`, `RequiredSkillID`, `RequiredSkillPoints`, `RequiredMinRepFaction`, `RequiredMaxRepFaction`, `RequiredMinRepValue`, `RequiredMaxRepValue`, `ProvidedItemCount`, `SpecialFlags`) VALUES (90137, 0, 0, 0, 90136, 0, 0, 0, 0, 0, 0, 0, 0, 0, 0, 0, 0);


DELETE FROM `quest_offer_reward` WHERE `ID`=90140;
INSERT INTO `quest_offer_reward` (`ID`, `Emote1`, `Emote2`, `Emote3`, `Emote4`, `EmoteDelay1`, `EmoteDelay2`, `EmoteDelay3`, `EmoteDelay4`, `RewardText`, `VerifiedBuild`) VALUES (90140, 0, 0, 0, 0, 0, 0, 0, 0, 'Incredible, $n! With this shard, we can now forge a weapon that will be spoken of in legends for generations. Prepare yourself for a power beyond reckoning!', 0);
DELETE FROM `quest_offer_reward` WHERE `ID`=90139;
INSERT INTO `quest_offer_reward` (`ID`, `Emote1`, `Emote2`, `Emote3`, `Emote4`, `EmoteDelay1`, `EmoteDelay2`, `EmoteDelay3`, `EmoteDelay4`, `RewardText`, `VerifiedBuild`) VALUES (90139, 0, 0, 0, 0, 0, 0, 0, 0, 'Incredible, $n! With this shard, we can now forge a weapon that will be spoken of in legends for generations. Prepare yourself for a power beyond reckoning!', 0);
DELETE FROM `quest_offer_reward` WHERE `ID`=90138;
INSERT INTO `quest_offer_reward` (`ID`, `Emote1`, `Emote2`, `Emote3`, `Emote4`, `EmoteDelay1`, `EmoteDelay2`, `EmoteDelay3`, `EmoteDelay4`, `RewardText`, `VerifiedBuild`) VALUES (90138, 0, 0, 0, 0, 0, 0, 0, 0, 'Incredible, $n! With this shard, we can now forge a weapon that will be spoken of in legends for generations. Prepare yourself for a power beyond reckoning!', 0);
DELETE FROM `quest_offer_reward` WHERE `ID`=90137;
INSERT INTO `quest_offer_reward` (`ID`, `Emote1`, `Emote2`, `Emote3`, `Emote4`, `EmoteDelay1`, `EmoteDelay2`, `EmoteDelay3`, `EmoteDelay4`, `RewardText`, `VerifiedBuild`) VALUES (90137, 0, 0, 0, 0, 0, 0, 0, 0, 'Impressive, $n. You have gathered all the materials required. Now, only one task remains.', 0);
DELETE FROM `quest_offer_reward` WHERE `ID`=90136;
INSERT INTO `quest_offer_reward` (`ID`, `Emote1`, `Emote2`, `Emote3`, `Emote4`, `EmoteDelay1`, `EmoteDelay2`, `EmoteDelay3`, `EmoteDelay4`, `RewardText`, `VerifiedBuild`) VALUES (90136, 0, 0, 0, 0, 0, 0, 0, 0, 'Have you gathered 10 Emblems of Merit from mythic dungeons, $n?', 0);


DELETE FROM `quest_request_items` WHERE `ID`=90140;
INSERT INTO `quest_request_items` (`ID`, `EmoteOnComplete`, `EmoteOnIncomplete`, `CompletionText`, `VerifiedBuild`) VALUES (90140, 0, 0, 'Have you acquired the Shard of the Shadow Prince from Prince Darius, $n?', 0);
DELETE FROM `quest_request_items` WHERE `ID`=90139;
INSERT INTO `quest_request_items` (`ID`, `EmoteOnComplete`, `EmoteOnIncomplete`, `CompletionText`, `VerifiedBuild`) VALUES (90139, 0, 0, 'Have you acquired the Shard of the Shadow Prince from Prince Darius, $n?', 0);
DELETE FROM `quest_request_items` WHERE `ID`=90138;
INSERT INTO `quest_request_items` (`ID`, `EmoteOnComplete`, `EmoteOnIncomplete`, `CompletionText`, `VerifiedBuild`) VALUES (90138, 0, 0, 'Have you acquired the Shard of the Shadow Prince from Prince Darius, $n?', 0);
DELETE FROM `quest_request_items` WHERE `ID`=90137;
INSERT INTO `quest_request_items` (`ID`, `EmoteOnComplete`, `EmoteOnIncomplete`, `CompletionText`, `VerifiedBuild`) VALUES (90137, 0, 0, 'Do you have the rare materials, $n?', 0);
DELETE FROM `quest_request_items` WHERE `ID`=90136;
INSERT INTO `quest_request_items` (`ID`, `EmoteOnComplete`, `EmoteOnIncomplete`, `CompletionText`, `VerifiedBuild`) VALUES (90136, 0, 0, 'Well done, $c. You have proven your resolve. Now, we must gather the rarest of materials.', 0);


DELETE FROM `quest_template` WHERE `ID`=90140;
INSERT INTO `quest_template` (`ID`, `QuestType`, `QuestLevel`, `MinLevel`, `QuestSortID`, `QuestInfoID`, `SuggestedGroupNum`, `RequiredFactionId1`, `RequiredFactionId2`, `RequiredFactionValue1`, `RequiredFactionValue2`, `RewardNextQuest`, `RewardXPDifficulty`, `RewardMoney`, `RewardMoneyDifficulty`, `RewardBonusMoney`, `RewardDisplaySpell`, `RewardSpell`, `RewardHonor`, `RewardKillHonor`, `StartItem`, `Flags`, `RequiredPlayerKills`, `RewardItem1`, `RewardAmount1`, `RewardItem2`, `RewardAmount2`, `RewardItem3`, `RewardAmount3`, `RewardItem4`, `RewardAmount4`, `ItemDrop1`, `ItemDropQuantity1`, `ItemDrop2`, `ItemDropQuantity2`, `ItemDrop3`, `ItemDropQuantity3`, `ItemDrop4`, `ItemDropQuantity4`, `RewardChoiceItemID1`, `RewardChoiceItemQuantity1`, `RewardChoiceItemID2`, `RewardChoiceItemQuantity2`, `RewardChoiceItemID3`, `RewardChoiceItemQuantity3`, `RewardChoiceItemID4`, `RewardChoiceItemQuantity4`, `RewardChoiceItemID5`, `RewardChoiceItemQuantity5`, `RewardChoiceItemID6`, `RewardChoiceItemQuantity6`, `POIContinent`, `POIx`, `POIy`, `POIPriority`, `RewardTitle`, `RewardTalents`, `RewardArenaPoints`, `RewardFactionID1`, `RewardFactionValue1`, `RewardFactionOverride1`, `RewardFactionID2`, `RewardFactionValue2`, `RewardFactionOverride2`, `RewardFactionID3`, `RewardFactionValue3`, `RewardFactionOverride3`, `RewardFactionID4`, `RewardFactionValue4`, `RewardFactionOverride4`, `RewardFactionID5`, `RewardFactionValue5`, `RewardFactionOverride5`, `TimeAllowed`, `AllowableRaces`, `LogTitle`, `LogDescription`, `QuestDescription`, `AreaDescription`, `QuestCompletionLog`, `RequiredNpcOrGo1`, `RequiredNpcOrGo2`, `RequiredNpcOrGo3`, `RequiredNpcOrGo4`, `RequiredNpcOrGoCount1`, `RequiredNpcOrGoCount2`, `RequiredNpcOrGoCount3`, `RequiredNpcOrGoCount4`, `RequiredItemId1`, `RequiredItemId2`, `RequiredItemId3`, `RequiredItemId4`, `RequiredItemId5`, `RequiredItemId6`, `RequiredItemCount1`, `RequiredItemCount2`, `RequiredItemCount3`, `RequiredItemCount4`, `RequiredItemCount5`, `RequiredItemCount6`, `Unknown0`, `ObjectiveText1`, `ObjectiveText2`, `ObjectiveText3`, `ObjectiveText4`, `VerifiedBuild`) VALUES (90140, 2, 25, 25, -344, 83, 0, 0, 0, 0, 0, 0, 0, 0, 0, 0, 0, 0, 0, 0, 0, 0, 0, 100238, 1, 100027, 1, 0, 0, 0, 0, 0, 0, 0, 0, 0, 0, 0, 0, 0, 0, 0, 0, 0, 0, 0, 0, 0, 0, 0, 0, 0, 0, 0, 0, 0, 0, 0, 0, 0, 0, 0, 0, 0, 0, 0, 0, 0, 0, 0, 0, 0, 0, 0, 0, 'The Arcane Legacy', 'Defeat Prince Darius and collect the Shard of the Shadow Prince. Return to High Keeper Orina with the shard.', 'Your perseverance and dedication have brought us to the final, most perilous task. The materials you have gathered are extraordinary, but to forge a weapon of true legend, we need a catalyst of immense and ancient power.\n\nLong ago, Prince Darius, known as the Shadow Prince, was a guardian of the arcane, a master of shadows and deceit. When he fell from grace, his essence was bound to a shard of unparalleled power, the Shard of the Shadow Prince. This shard is the key to unlocking the full potential of your weapon.\n\nPrince Darius is rumoured to be somewhere on Drust\'mor, his dark presence felt by all who venture too close. To claim the Shard, you must face him in battle and emerge victorious. Only then can we complete the forging of your weapon.\n\nGo forth, $c. Seek out Prince Darius, defeat him, and bring back his shard. The fate of this weapon depends on your success.', '', 'Return to High Keeper Orina', 0, 0, 0, 0, 0, 0, 0, 0, 600006, 3860, 11178, 0, 0, 0, 1, 80, 3, 0, 0, 0, 0, '', '', '', '', 0);
DELETE FROM `quest_template` WHERE `ID`=90139;
INSERT INTO `quest_template` (`ID`, `QuestType`, `QuestLevel`, `MinLevel`, `QuestSortID`, `QuestInfoID`, `SuggestedGroupNum`, `RequiredFactionId1`, `RequiredFactionId2`, `RequiredFactionValue1`, `RequiredFactionValue2`, `RewardNextQuest`, `RewardXPDifficulty`, `RewardMoney`, `RewardMoneyDifficulty`, `RewardBonusMoney`, `RewardDisplaySpell`, `RewardSpell`, `RewardHonor`, `RewardKillHonor`, `StartItem`, `Flags`, `RequiredPlayerKills`, `RewardItem1`, `RewardAmount1`, `RewardItem2`, `RewardAmount2`, `RewardItem3`, `RewardAmount3`, `RewardItem4`, `RewardAmount4`, `ItemDrop1`, `ItemDropQuantity1`, `ItemDrop2`, `ItemDropQuantity2`, `ItemDrop3`, `ItemDropQuantity3`, `ItemDrop4`, `ItemDropQuantity4`, `RewardChoiceItemID1`, `RewardChoiceItemQuantity1`, `RewardChoiceItemID2`, `RewardChoiceItemQuantity2`, `RewardChoiceItemID3`, `RewardChoiceItemQuantity3`, `RewardChoiceItemID4`, `RewardChoiceItemQuantity4`, `RewardChoiceItemID5`, `RewardChoiceItemQuantity5`, `RewardChoiceItemID6`, `RewardChoiceItemQuantity6`, `POIContinent`, `POIx`, `POIy`, `POIPriority`, `RewardTitle`, `RewardTalents`, `RewardArenaPoints`, `RewardFactionID1`, `RewardFactionValue1`, `RewardFactionOverride1`, `RewardFactionID2`, `RewardFactionValue2`, `RewardFactionOverride2`, `RewardFactionID3`, `RewardFactionValue3`, `RewardFactionOverride3`, `RewardFactionID4`, `RewardFactionValue4`, `RewardFactionOverride4`, `RewardFactionID5`, `RewardFactionValue5`, `RewardFactionOverride5`, `TimeAllowed`, `AllowableRaces`, `LogTitle`, `LogDescription`, `QuestDescription`, `AreaDescription`, `QuestCompletionLog`, `RequiredNpcOrGo1`, `RequiredNpcOrGo2`, `RequiredNpcOrGo3`, `RequiredNpcOrGo4`, `RequiredNpcOrGoCount1`, `RequiredNpcOrGoCount2`, `RequiredNpcOrGoCount3`, `RequiredNpcOrGoCount4`, `RequiredItemId1`, `RequiredItemId2`, `RequiredItemId3`, `RequiredItemId4`, `RequiredItemId5`, `RequiredItemId6`, `RequiredItemCount1`, `RequiredItemCount2`, `RequiredItemCount3`, `RequiredItemCount4`, `RequiredItemCount5`, `RequiredItemCount6`, `Unknown0`, `ObjectiveText1`, `ObjectiveText2`, `ObjectiveText3`, `ObjectiveText4`, `VerifiedBuild`) VALUES (90139, 2, 25, 25, -344, 83, 0, 0, 0, 0, 0, 0, 0, 0, 0, 0, 0, 0, 0, 0, 0, 0, 0, 100232, 1, 0, 0, 0, 0, 0, 0, 0, 0, 0, 0, 0, 0, 0, 0, 0, 0, 0, 0, 0, 0, 0, 0, 0, 0, 0, 0, 0, 0, 0, 0, 0, 0, 0, 0, 0, 0, 0, 0, 0, 0, 0, 0, 0, 0, 0, 0, 0, 0, 0, 0, 'The Arcane Legacy', 'Defeat Prince Darius and collect the Shard of the Shadow Prince. Return to High Keeper Orina with the shard.', 'Your perseverance and dedication have brought us to the final, most perilous task. The materials you have gathered are extraordinary, but to forge a weapon of true legend, we need a catalyst of immense and ancient power.\n\nLong ago, Prince Darius, known as the Shadow Prince, was a guardian of the arcane, a master of shadows and deceit. When he fell from grace, his essence was bound to a shard of unparalleled power, the Shard of the Shadow Prince. This shard is the key to unlocking the full potential of your weapon.\n\nPrince Darius is rumoured to be somewhere on Drust\'mor, his dark presence felt by all who venture too close. To claim the Shard, you must face him in battle and emerge victorious. Only then can we complete the forging of your weapon.\n\nGo forth, $c. Seek out Prince Darius, defeat him, and bring back his shard. The fate of this weapon depends on your success.', '', 'Return to High Keeper Orina', 0, 0, 0, 0, 0, 0, 0, 0, 600006, 3860, 11178, 0, 0, 0, 1, 80, 3, 0, 0, 0, 0, '', '', '', '', 0);
DELETE FROM `quest_template` WHERE `ID`=90138;
INSERT INTO `quest_template` (`ID`, `QuestType`, `QuestLevel`, `MinLevel`, `QuestSortID`, `QuestInfoID`, `SuggestedGroupNum`, `RequiredFactionId1`, `RequiredFactionId2`, `RequiredFactionValue1`, `RequiredFactionValue2`, `RewardNextQuest`, `RewardXPDifficulty`, `RewardMoney`, `RewardMoneyDifficulty`, `RewardBonusMoney`, `RewardDisplaySpell`, `RewardSpell`, `RewardHonor`, `RewardKillHonor`, `StartItem`, `Flags`, `RequiredPlayerKills`, `RewardItem1`, `RewardAmount1`, `RewardItem2`, `RewardAmount2`, `RewardItem3`, `RewardAmount3`, `RewardItem4`, `RewardAmount4`, `ItemDrop1`, `ItemDropQuantity1`, `ItemDrop2`, `ItemDropQuantity2`, `ItemDrop3`, `ItemDropQuantity3`, `ItemDrop4`, `ItemDropQuantity4`, `RewardChoiceItemID1`, `RewardChoiceItemQuantity1`, `RewardChoiceItemID2`, `RewardChoiceItemQuantity2`, `RewardChoiceItemID3`, `RewardChoiceItemQuantity3`, `RewardChoiceItemID4`, `RewardChoiceItemQuantity4`, `RewardChoiceItemID5`, `RewardChoiceItemQuantity5`, `RewardChoiceItemID6`, `RewardChoiceItemQuantity6`, `POIContinent`, `POIx`, `POIy`, `POIPriority`, `RewardTitle`, `RewardTalents`, `RewardArenaPoints`, `RewardFactionID1`, `RewardFactionValue1`, `RewardFactionOverride1`, `RewardFactionID2`, `RewardFactionValue2`, `RewardFactionOverride2`, `RewardFactionID3`, `RewardFactionValue3`, `RewardFactionOverride3`, `RewardFactionID4`, `RewardFactionValue4`, `RewardFactionOverride4`, `RewardFactionID5`, `RewardFactionValue5`, `RewardFactionOverride5`, `TimeAllowed`, `AllowableRaces`, `LogTitle`, `LogDescription`, `QuestDescription`, `AreaDescription`, `QuestCompletionLog`, `RequiredNpcOrGo1`, `RequiredNpcOrGo2`, `RequiredNpcOrGo3`, `RequiredNpcOrGo4`, `RequiredNpcOrGoCount1`, `RequiredNpcOrGoCount2`, `RequiredNpcOrGoCount3`, `RequiredNpcOrGoCount4`, `RequiredItemId1`, `RequiredItemId2`, `RequiredItemId3`, `RequiredItemId4`, `RequiredItemId5`, `RequiredItemId6`, `RequiredItemCount1`, `RequiredItemCount2`, `RequiredItemCount3`, `RequiredItemCount4`, `RequiredItemCount5`, `RequiredItemCount6`, `Unknown0`, `ObjectiveText1`, `ObjectiveText2`, `ObjectiveText3`, `ObjectiveText4`, `VerifiedBuild`) VALUES (90138, 2, 25, 25, -344, 83, 0, 0, 0, 0, 0, 0, 0, 0, 0, 0, 0, 0, 0, 0, 0, 0, 0, 100012, 1, 0, 0, 0, 0, 0, 0, 0, 0, 0, 0, 0, 0, 0, 0, 0, 0, 0, 0, 0, 0, 0, 0, 0, 0, 0, 0, 0, 0, 0, 0, 0, 0, 0, 0, 0, 0, 0, 0, 0, 0, 0, 0, 0, 0, 0, 0, 0, 0, 0, 0, 'The Arcane Legacy', 'Defeat Prince Darius and collect the Shard of the Shadow Prince. Return to High Keeper Orina with the shard.', 'Your perseverance and dedication have brought us to the final, most perilous task. The materials you have gathered are extraordinary, but to forge a weapon of true legend, we need a catalyst of immense and ancient power.\n\nLong ago, Prince Darius, known as the Shadow Prince, was a guardian of the arcane, a master of shadows and deceit. When he fell from grace, his essence was bound to a shard of unparalleled power, the Shard of the Shadow Prince. This shard is the key to unlocking the full potential of your weapon.\n\nPrince Darius is rumoured to be somewhere on Drust\'mor, his dark presence felt by all who venture too close. To claim the Shard, you must face him in battle and emerge victorious. Only then can we complete the forging of your weapon.\n\nGo forth, $c. Seek out Prince Darius, defeat him, and bring back his shard. The fate of this weapon depends on your success.', '', 'Return to High Keeper Orina', 0, 0, 0, 0, 0, 0, 0, 0, 600006, 3860, 11178, 0, 0, 0, 1, 80, 3, 0, 0, 0, 0, '', '', '', '', 0);
DELETE FROM `quest_template` WHERE `ID`=90137;
INSERT INTO `quest_template` (`ID`, `QuestType`, `QuestLevel`, `MinLevel`, `QuestSortID`, `QuestInfoID`, `SuggestedGroupNum`, `RequiredFactionId1`, `RequiredFactionId2`, `RequiredFactionValue1`, `RequiredFactionValue2`, `RewardNextQuest`, `RewardXPDifficulty`, `RewardMoney`, `RewardMoneyDifficulty`, `RewardBonusMoney`, `RewardDisplaySpell`, `RewardSpell`, `RewardHonor`, `RewardKillHonor`, `StartItem`, `Flags`, `RequiredPlayerKills`, `RewardItem1`, `RewardAmount1`, `RewardItem2`, `RewardAmount2`, `RewardItem3`, `RewardAmount3`, `RewardItem4`, `RewardAmount4`, `ItemDrop1`, `ItemDropQuantity1`, `ItemDrop2`, `ItemDropQuantity2`, `ItemDrop3`, `ItemDropQuantity3`, `ItemDrop4`, `ItemDropQuantity4`, `RewardChoiceItemID1`, `RewardChoiceItemQuantity1`, `RewardChoiceItemID2`, `RewardChoiceItemQuantity2`, `RewardChoiceItemID3`, `RewardChoiceItemQuantity3`, `RewardChoiceItemID4`, `RewardChoiceItemQuantity4`, `RewardChoiceItemID5`, `RewardChoiceItemQuantity5`, `RewardChoiceItemID6`, `RewardChoiceItemQuantity6`, `POIContinent`, `POIx`, `POIy`, `POIPriority`, `RewardTitle`, `RewardTalents`, `RewardArenaPoints`, `RewardFactionID1`, `RewardFactionValue1`, `RewardFactionOverride1`, `RewardFactionID2`, `RewardFactionValue2`, `RewardFactionOverride2`, `RewardFactionID3`, `RewardFactionValue3`, `RewardFactionOverride3`, `RewardFactionID4`, `RewardFactionValue4`, `RewardFactionOverride4`, `RewardFactionID5`, `RewardFactionValue5`, `RewardFactionOverride5`, `TimeAllowed`, `AllowableRaces`, `LogTitle`, `LogDescription`, `QuestDescription`, `AreaDescription`, `QuestCompletionLog`, `RequiredNpcOrGo1`, `RequiredNpcOrGo2`, `RequiredNpcOrGo3`, `RequiredNpcOrGo4`, `RequiredNpcOrGoCount1`, `RequiredNpcOrGoCount2`, `RequiredNpcOrGoCount3`, `RequiredNpcOrGoCount4`, `RequiredItemId1`, `RequiredItemId2`, `RequiredItemId3`, `RequiredItemId4`, `RequiredItemId5`, `RequiredItemId6`, `RequiredItemCount1`, `RequiredItemCount2`, `RequiredItemCount3`, `RequiredItemCount4`, `RequiredItemCount5`, `RequiredItemCount6`, `Unknown0`, `ObjectiveText1`, `ObjectiveText2`, `ObjectiveText3`, `ObjectiveText4`, `VerifiedBuild`) VALUES (90137, 2, 25, 25, -344, 83, 0, 0, 0, 0, 0, 0, 0, 0, 0, 0, 0, 0, 0, 0, 0, 0, 0, 0, 0, 0, 0, 0, 0, 0, 0, 0, 0, 0, 0, 0, 0, 0, 0, 0, 0, 0, 0, 0, 0, 0, 0, 0, 0, 0, 0, 0, 0, 0, 0, 0, 0, 0, 0, 0, 0, 0, 0, 0, 0, 0, 0, 0, 0, 0, 0, 0, 0, 0, 0, 'The Rarest of Materials', 'Collect 3 Black Pearls, 1 Blood of the Mountain, 5 Iridescent Pearls, 20 Essence of Fire, 10 Elemental Water, and 10 Elemental Fire.', 'The path ahead is fraught with challenges, as we now require some rather extravagant and rare materials to bring your weapon to life. These materials are scattered across the far reaches of our world, hidden in places only the most courageous and skilled adventurers dare to tread. Extraordinary weapons demand extraordinary effort, and this task will test your mettle in ways you have yet to imagine.\n\nThis challenge will demand every ounce of your strength, cunning, and perseverance. Yet, I have faith that you will succeed where others might falter. Collect these enigmatic items and return to me, only then can we proceed to the final and most crucial step of forging your legendary weapon.', '', 'Return to High Keeper Orina', 0, 0, 0, 0, 0, 0, 0, 0, 5500, 7078, 7971, 11382, 7070, 7068, 5, 20, 3, 1, 10, 10, 0, '', '', '', '', 0);
DELETE FROM `quest_template` WHERE `ID`=90136;
INSERT INTO `quest_template` (`ID`, `QuestType`, `QuestLevel`, `MinLevel`, `QuestSortID`, `QuestInfoID`, `SuggestedGroupNum`, `RequiredFactionId1`, `RequiredFactionId2`, `RequiredFactionValue1`, `RequiredFactionValue2`, `RewardNextQuest`, `RewardXPDifficulty`, `RewardMoney`, `RewardMoneyDifficulty`, `RewardBonusMoney`, `RewardDisplaySpell`, `RewardSpell`, `RewardHonor`, `RewardKillHonor`, `StartItem`, `Flags`, `RequiredPlayerKills`, `RewardItem1`, `RewardAmount1`, `RewardItem2`, `RewardAmount2`, `RewardItem3`, `RewardAmount3`, `RewardItem4`, `RewardAmount4`, `ItemDrop1`, `ItemDropQuantity1`, `ItemDrop2`, `ItemDropQuantity2`, `ItemDrop3`, `ItemDropQuantity3`, `ItemDrop4`, `ItemDropQuantity4`, `RewardChoiceItemID1`, `RewardChoiceItemQuantity1`, `RewardChoiceItemID2`, `RewardChoiceItemQuantity2`, `RewardChoiceItemID3`, `RewardChoiceItemQuantity3`, `RewardChoiceItemID4`, `RewardChoiceItemQuantity4`, `RewardChoiceItemID5`, `RewardChoiceItemQuantity5`, `RewardChoiceItemID6`, `RewardChoiceItemQuantity6`, `POIContinent`, `POIx`, `POIy`, `POIPriority`, `RewardTitle`, `RewardTalents`, `RewardArenaPoints`, `RewardFactionID1`, `RewardFactionValue1`, `RewardFactionOverride1`, `RewardFactionID2`, `RewardFactionValue2`, `RewardFactionOverride2`, `RewardFactionID3`, `RewardFactionValue3`, `RewardFactionOverride3`, `RewardFactionID4`, `RewardFactionValue4`, `RewardFactionOverride4`, `RewardFactionID5`, `RewardFactionValue5`, `RewardFactionOverride5`, `TimeAllowed`, `AllowableRaces`, `LogTitle`, `LogDescription`, `QuestDescription`, `AreaDescription`, `QuestCompletionLog`, `RequiredNpcOrGo1`, `RequiredNpcOrGo2`, `RequiredNpcOrGo3`, `RequiredNpcOrGo4`, `RequiredNpcOrGoCount1`, `RequiredNpcOrGoCount2`, `RequiredNpcOrGoCount3`, `RequiredNpcOrGoCount4`, `RequiredItemId1`, `RequiredItemId2`, `RequiredItemId3`, `RequiredItemId4`, `RequiredItemId5`, `RequiredItemId6`, `RequiredItemCount1`, `RequiredItemCount2`, `RequiredItemCount3`, `RequiredItemCount4`, `RequiredItemCount5`, `RequiredItemCount6`, `Unknown0`, `ObjectiveText1`, `ObjectiveText2`, `ObjectiveText3`, `ObjectiveText4`, `VerifiedBuild`) VALUES (90136, 2, 25, 25, -344, 83, 0, 0, 0, 0, 0, 0, 0, 0, 0, 0, 0, 0, 0, 0, 0, 0, 0, 0, 0, 0, 0, 0, 0, 0, 0, 0, 0, 0, 0, 0, 0, 0, 0, 0, 0, 0, 0, 0, 0, 0, 0, 0, 0, 0, 0, 0, 0, 0, 0, 0, 0, 0, 0, 0, 0, 0, 0, 0, 0, 0, 0, 0, 0, 0, 0, 0, 0, 0, 0, 'Proving Your Worth', 'Collect 10 Emblems of Merit by completing mythic level dungeons.', 'Legends speak of weapons forged with divine might, wielded by heroes in times of dire need. Such a weapon could be yours, but first, you must prove your worth.\n\nTo begin, you must collect Emblems of Merit, tokens of valor obtained through the most challenging trials. Venture into dungeons of mythic difficulty and gather these emblems from Chromie. Return to me with 10 Emblems of Merit, and we shall proceed with the next steps.', '', 'Return to High Keeper Orina', 0, 0, 0, 0, 0, 0, 0, 0, 600007, 0, 0, 0, 0, 0, 10, 0, 0, 0, 0, 0, 0, '', '', '', '', 0);
DELETE FROM `quest_template` WHERE `ID`=90135;
INSERT INTO `quest_template` (`ID`, `QuestType`, `QuestLevel`, `MinLevel`, `QuestSortID`, `QuestInfoID`, `SuggestedGroupNum`, `RequiredFactionId1`, `RequiredFactionId2`, `RequiredFactionValue1`, `RequiredFactionValue2`, `RewardNextQuest`, `RewardXPDifficulty`, `RewardMoney`, `RewardMoneyDifficulty`, `RewardBonusMoney`, `RewardDisplaySpell`, `RewardSpell`, `RewardHonor`, `RewardKillHonor`, `StartItem`, `Flags`, `RequiredPlayerKills`, `RewardItem1`, `RewardAmount1`, `RewardItem2`, `RewardAmount2`, `RewardItem3`, `RewardAmount3`, `RewardItem4`, `RewardAmount4`, `ItemDrop1`, `ItemDropQuantity1`, `ItemDrop2`, `ItemDropQuantity2`, `ItemDrop3`, `ItemDropQuantity3`, `ItemDrop4`, `ItemDropQuantity4`, `RewardChoiceItemID1`, `RewardChoiceItemQuantity1`, `RewardChoiceItemID2`, `RewardChoiceItemQuantity2`, `RewardChoiceItemID3`, `RewardChoiceItemQuantity3`, `RewardChoiceItemID4`, `RewardChoiceItemQuantity4`, `RewardChoiceItemID5`, `RewardChoiceItemQuantity5`, `RewardChoiceItemID6`, `RewardChoiceItemQuantity6`, `POIContinent`, `POIx`, `POIy`, `POIPriority`, `RewardTitle`, `RewardTalents`, `RewardArenaPoints`, `RewardFactionID1`, `RewardFactionValue1`, `RewardFactionOverride1`, `RewardFactionID2`, `RewardFactionValue2`, `RewardFactionOverride2`, `RewardFactionID3`, `RewardFactionValue3`, `RewardFactionOverride3`, `RewardFactionID4`, `RewardFactionValue4`, `RewardFactionOverride4`, `RewardFactionID5`, `RewardFactionValue5`, `RewardFactionOverride5`, `TimeAllowed`, `AllowableRaces`, `LogTitle`, `LogDescription`, `QuestDescription`, `AreaDescription`, `QuestCompletionLog`, `RequiredNpcOrGo1`, `RequiredNpcOrGo2`, `RequiredNpcOrGo3`, `RequiredNpcOrGo4`, `RequiredNpcOrGoCount1`, `RequiredNpcOrGoCount2`, `RequiredNpcOrGoCount3`, `RequiredNpcOrGoCount4`, `RequiredItemId1`, `RequiredItemId2`, `RequiredItemId3`, `RequiredItemId4`, `RequiredItemId5`, `RequiredItemId6`, `RequiredItemCount1`, `RequiredItemCount2`, `RequiredItemCount3`, `RequiredItemCount4`, `RequiredItemCount5`, `RequiredItemCount6`, `Unknown0`, `ObjectiveText1`, `ObjectiveText2`, `ObjectiveText3`, `ObjectiveText4`, `VerifiedBuild`) VALUES (90135, 2, 25, 25, 3535, 85, 0, 0, 0, 0, 0, 0, 7, 13200, 0, 0, 0, 0, 0, 0, 0, 4232, 0, 600003, 2, 0, 0, 0, 0, 0, 0, 0, 0, 0, 0, 0, 0, 0, 0, 0, 0, 0, 0, 0, 0, 0, 0, 0, 0, 0, 0, 0, 0, 0, 0, 0, 0, 0, 1161, 6, 0, 0, 0, 0, 0, 0, 0, 0, 0, 0, 0, 0, 0, 0, 0, 'Wanted: RFK', 'Wind Trader Zhareem has asked you to obtain Keli\'dan\'s Feathered Stave. Deliver it to him in Shattrath\'s Lower City to collect the reward.$B$BThis quest may only be completed on Heroic difficulty.', 'There is no accounting for taste. Take my most recent buyer for instance.$B$BThere is a blood orc within Hellfire Citadel known as Keli\'dan the Breaker. He bears a most mundane stave; certainly nothing to take a second glance at. And yet, this is what my customer wishes.$B$BWho am I to say no?$B$BIf you desire my compensation, you will find him and his stave within the Blood Furnace.', '', 'Return to Wind Trader Zhareem in Terokkar Forest.', 4421, 0, 0, 0, 1, 0, 0, 0, 0, 0, 0, 0, 0, 0, 0, 0, 0, 0, 0, 0, 0, '', '', '', '', 12340);
